id,tenant_id,name,description,expired_date,price
5e3f5b619ef22577ec01d1c2,ec059827-3fdd-4ed7-86c2-0a6ec60b6f3b,Weber Marinade Oz,"White Republican lot word include if sense. Political budget ask how fall just.
Clearly example show use. Determine onto action south indeed least.",07/16/21 03:13:13,6494.38
5e3f5b619ef22577ec01d1c3,ec059827-3fdd-4ed7-86c2-0a6ec60b6f3b,Classic Cola fl ozqt ozliter,"Strategy him yard result month. Charge fly pick.
Often believe election around eye.",01/02/22 15:12:14,6935.76
5e3f5b619ef22577ec01d1c4,ec059827-3fdd-4ed7-86c2-0a6ec60b6f3b,CVS Gold Emblem Danish Butter Cookies,"Show state upon affect production. Within finally mouth network federal woman despite law. Practice wish along center.
Field affect sister source institution. Operation start score.",07/17/21 01:20:13,4468.62
5e3f5b619ef22577ec01d1c5,ec059827-3fdd-4ed7-86c2-0a6ec60b6f3b,Oh Nuts section Roasted Holiday Nuts BasketMedium Tray,"Run Democrat our hour discover six new.
Form his similar total before fish. Fill commercial necessary on just attorney although stuff. Amount same base new easy.",11/05/20 00:00:22,1021.46
5e3f5b619ef22577ec01d1c6,ec059827-3fdd-4ed7-86c2-0a6ec60b6f3b,Hillshire Farm Deli Select Ultra Thin Sliced Roast Beefoz,"Writer scientist bar four. Own contain live think forward west expect. Politics some sister along call.
Land back box company list democratic rather. Popular student probably understand.",03/15/20 11:05:50,5494.85
5e3f5b619ef22577ec01d1c7,ec059827-3fdd-4ed7-86c2-0a6ec60b6f3b,Twinings Of London Variety Pack Black Tea BagsCt,"Moment authority continue hair able. Bag learn skill drop. Establish record mission hit follow.
Read anything always federal image. Foreign mean school table author wear.",05/03/22 03:46:50,8831.84
5e3f5b619ef22577ec01d1c8,ec059827-3fdd-4ed7-86c2-0a6ec60b6f3b,Goya Plantain Chips GarlicOz,Rest truth share ten size. Meeting whom end raise.,07/31/22 04:42:41,8461.69
5e3f5b619ef22577ec01d1c9,ec059827-3fdd-4ed7-86c2-0a6ec60b6f3b,Lance CookiesCrackers Variety Pack,"Follow upon health where local third.
Maintain interest film she building simple society. Member compare major note follow so necessary.",09/20/20 07:52:15,6366.72
5e3f5b619ef22577ec01d1ca,ec059827-3fdd-4ed7-86c2-0a6ec60b6f3b,Marketside Bake at Home Demi Baguettectoz,"Team artist official they morning establish turn kid. Kid before role job stop trouble say.
Base safe should goal total front prove. Blood huge nature story cold push mean.",12/29/21 05:53:21,8700.39
5e3f5b619ef22577ec01d1cb,ec059827-3fdd-4ed7-86c2-0a6ec60b6f3b,CheezIt Grooves Sharp White Cheddar,Rock simple sometimes later back model prevent. Really raise involve want law treat day. Easy career character while child. Need race direction whom goal always probably.,12/10/21 20:58:56,2244.34
